{"MART": {"partida": [[3, 1, 4, 2], [2, 4, 1, 3], [1, 0, 3, 4], [4, 3, 2, 1]], "grid_original": [[0, 0, 4, 2], [2, 4, 0, 3], [1, 0, 3, 0], [4, 0, 0, 0]], "size": 2, "tiempo": 56, "errores": 3, "dificultad": 5, "puntaje": 305}}
{"JUANLOCO": {"partida": [[1, 5, 0, 0, 0, 0, 0, 9, 0], [3, 0, 2, 0, 0, 0, 0, 0, 0], [0, 0, 0, 0, 3, 0, 0, 2, 0], [0, 9, 0, 0, 0, 2, 0, 0, 8], [6, 0, 0, 0, 0, 0, 5, 0, 0], [0, 8, 4, 0, 5, 9, 6, 0, 0], [2, 0, 5, 6, 0, 0, 9, 0, 4], [0, 0, 6, 7, 0, 0, 0, 0, 0], [0, 4, 0, 5, 0, 0, 0, 0, 1]], "grid_original": [[1, 5, 0, 0, 0, 0, 0, 9, 0], [0, 0, 0, 0, 0, 0, 0, 0, 0], [0, 0, 0, 0, 3, 0, 0, 2, 0], [0, 9, 0, 0, 0, 2, 0, 0, 8], [6, 0, 0, 0, 0, 0, 5, 0, 0], [0, 8, 4, 0, 5, 9, 6, 0, 0], [2, 0, 5, 6, 0, 0, 9, 0, 4], [0, 0, 6, 7, 0, 0, 0, 0, 0], [0, 4, 0, 5, 0, 0, 0, 0, 1]], "size": 3, "tiempo": 56, "errores": 3, "dificultad": 7, "puntaje": 7898.714285714286}}
{"juanma": {"partida": [[2, 1, 0, 0, 7, 3, 0, 4, 5], [5, 4, 0, 2, 6, 9, 0, 0, 0], [0, 0, 7, 5, 0, 4, 0, 0, 2], [7, 5, 0, 0, 0, 0, 0, 1, 0], [6, 0, 0, 7, 0, 5, 9, 2, 0], [0, 0, 9, 0, 0, 0, 4, 0, 0], [3, 7, 5, 4, 0, 8, 0, 6, 0], [0, 6, 1, 0, 0, 7, 2, 8, 0], [4, 0, 2, 0, 0, 6, 5, 7, 3]], "grid_original": [[2, 0, 0, 0, 7, 3, 0, 4, 5], [5, 4, 0, 2, 6, 9, 0, 0, 0], [0, 0, 7, 5, 0, 4, 0, 0, 2], [7, 5, 0, 0, 0, 0, 0, 1, 0], [6, 0, 0, 7, 0, 5, 9, 2, 0], [0, 0, 9, 0, 0, 0, 4, 0, 0], [3, 7, 5, 4, 0, 8, 0, 6, 0], [0, 6, 1, 0, 0, 7, 2, 8, 0], [4, 0, 2, 0, 0, 6, 5, 7, 3]], "size": 3, "tiempo": 56, "errores": 1, "dificultad": 5, "puntaje": 9497.8}}
{"juan": {"partida": [[3, 1, 4, 2], [2, 4, 1, 3], [0, 2, 3, 0], [4, 3, 2, 1]], "grid_original": [[3, 0, 4, 0], [2, 4, 1, 3], [0, 2, 3, 0], [4, 3, 2, 1]], "size": 2, "tiempo": 56, "errores": 0, "dificultad": 3, "puntaje": 9995.666666666666}}
{"juan 2": {"partida": [[8, 5, 2, 1, 7, 6, 3, 4, 0], [0, 3, 9, 5, 2, 8, 0, 0, 7], [6, 0, 7, 0, 9, 0, 5, 8, 2], [7, 4, 1, 8, 3, 9, 0, 2, 5], [2, 0, 5, 4, 1, 0, 0, 9, 3], [0, 8, 3, 0, 5, 0, 0, 7, 1], [1, 9, 4, 2, 8, 3, 0, 5, 6], [3, 0, 8, 0, 6, 5, 9, 1, 4], [5, 0, 0, 0, 4, 1, 0, 3, 8]], "grid_original": [[8, 5, 0, 1, 7, 6, 3, 0, 0], [0, 3, 9, 5, 2, 8, 0, 0, 7], [6, 0, 7, 0, 9, 0, 5, 8, 2], [7, 4, 1, 8, 3, 9, 0, 2, 5], [2, 0, 5, 4, 1, 0, 0, 9, 3], [0, 8, 3, 0, 5, 0, 0, 7, 1], [1, 9, 4, 2, 8, 3, 0, 5, 6], [3, 0, 8, 0, 6, 5, 9, 1, 4], [5, 0, 0, 0, 4, 1, 0, 3, 8]], "size": 3, "tiempo": 56, "errores": 6, "dificultad": 3, "puntaje": 8195.0}}
{"KevinU.U": {"partida": [[0, 4, 0, 5, 9, 1, 0, 6, 0], [0, 2, 6, 0, 0, 0, 1, 9, 0], [0, 0, 9, 0, 6, 0, 0, 8, 0], [9, 0, 0, 3, 0, 0, 0, 0, 0], [8, 0, 0, 0, 0, 9, 0, 2, 3], [0, 0, 0, 0, 0, 8, 0, 0, 0], [0, 0, 1, 0, 0, 0, 2, 0, 0], [2, 8, 0, 9, 0, 0, 0, 0, 0], [0, 0, 0, 0, 0, 2, 4, 0, 0]], "grid_original": [[0, 4, 0, 0, 9, 1, 0, 6, 0], [0, 2, 6, 0, 0, 0, 1, 9, 0], [0, 0, 9, 0, 6, 0, 0, 8, 0], [9, 0, 0, 3, 0, 0, 0, 0, 0], [8, 0, 0, 0, 0, 9, 0, 2, 3], [0, 0, 0, 0, 0, 8, 0, 0, 0], [0, 0, 1, 0, 0, 0, 2, 0, 0], [2, 8, 0, 9, 0, 0, 0, 0, 0], [0, 0, 0, 0, 0, 2, 4, 0, 0]], "size": 3, "tiempo": 56, "errores": 1, "dificultad": 7, "puntaje": 9297.57142857143}}